A,B,C,D,E,F,G,H
Distribution Type,Most Recent Distribution,Record Date,Reinvest Date,Payable Date,Reinvest Price,Distribution Yield,SEC Yield
Dividend,$1.12620,12/21/2017,12/22/2017,12/26/2017,$247.63,—,1.77%  B
Dividend,$1.12900,09/18/2017,09/19/2017,09/20/2017,$231.32,—,—
Dividend,$0.96000,06/21/2017,06/22/2017,06/23/2017,$224.71,—,—
Dividend,$0.96100,03/20/2017,03/21/2017,03/22/2017,$216.27,—,—
Dividend,$1.25400,12/20/2016,12/21/2016,12/22/2016,$208.90,—,—
Dividend,$0.85200,09/09/2016,09/12/2016,09/13/2016,$199.17,—,—
